{
  "dist": [
    [
      -0.24101795642653331,
      -0.053072117248590636,
      -0.0011581035505186014,
      -0.0001283188564720532,
      0.026712529123521928
    ]
  ],
  "mtx": [
    [
      1153.960931994676,
      0.0,
      669.7053569357985
    ],
    [
      0.0,
      1148.0249559668105,
      385.6562344623848
    ],
    [
      0.0,
      0.0,
      1.0
    ]
  ]
}